CREATE TABLE Noita
(Game_seed NUMBER(10),
Health NUMBER(3) NOT NULL,
Stat_effect VARCHAR2(10),
    PRIMARY KEY(Game_seed)
);
INSERT INTO Noita
VALUES(1081678920, 125, 'none');
INSERT INTO Noita
VALUES(6927562971, 87, 'fire');
INSERT INTO Noita
VALUES(8352619836, 500, 'none');
INSERT INTO Noita
VALUES(8390765108, 349, 'none');
INSERT INTO Noita
VALUES(1065836792, 255, 'none');



/*
Table creates, but data won't append to the table :(
*/
CREATE TABLE Wand
(Wand_ID NUMBER(12),
Game_seed NUMBER(12),
Shuffle NUMBER(1),
#_Slots NUMBER(4),
Max_mana NUMBER(6),
Mana_recharge_speed NUMBER(6),
Recharge_speed NUMBER(4, 3),
Spell_id NUMBER(7),
    PRIMARY KEY(Wand_ID),
    FOREIGN KEY(Game_seed) REFERENCES Noita(Game_seed),
    FOREIGN KEY(Spell_id) REFERENCES Spell_item(Spell_id) -- Didn't have references
);
INSERT INTO Wand
VALUES(3820785617, 1081678920, 1, 7, 330, 650, 2.82, 83754);
INSERT INTO Wand
VALUES(1092873657, 6927562971, 0, 5, 700, 200, .92, 29832);
INSERT INTO Wand
VALUES(1984672896, 8352619836, 0, 16, 1200, 3000, .11, 92683);
INSERT INTO Wand
VALUES(2947583902, 8390765108, 1, 10, 780, 38, 1.82, 67328);
INSERT INTO Wand
VALUES(2819027823, 1065836792, 1, 8, 250, 110, .87, 89267);

CREATE TABLE Spell_item
(
Spell_id NUMBER(10),
Spell_name VARCHAR2(20),
    PRIMARY KEY(Spell_id),
    FOREIGN KEY(Spell_name) REFERENCES Spells(Spell_name)
);
INSERT INTO Spell_item
VALUES(83754, 'ACIDSHOT');
INSERT INTO Spell_item
VALUES(29832, 'BULLET');
INSERT INTO Spell_item
VALUES(92683, 'BULLET_TRIGGER');
INSERT INTO Spell_item
VALUES(67328, 'FLAMETHROWER');
INSERT INTO Spell_item
VALUES(89267 , 'NUKE');

CREATE TABLE Spells
(Spell_name VARCHAR2(15),
Damage NUMBER(3),
Mana_cost NUMBER(3),
Spread_effect NUMBER(4,2),
Recharge_effect NUMBER(3, 2),
    PRIMARY KEY(Spell_name)
);
INSERT INTO Spells
VALUES('ACIDSHOT', 6, 20, 0, 0.17);
INSERT INTO Spells
VALUES('BULLET', 10, 20, 00.60, 2.00);
INSERT INTO Spells
VALUES('BULLET_TRIGGER', 10, 20, 00.70, 2.00);
INSERT INTO Spells
VALUES('FLAMETHROWER', 11, 20, 00.00, 4.00);
INSERT INTO Spells
VALUES('NUKE', 75, 200, 00.60, 00.33);